{"initial_reset_timestamp": 1545695897.1429594, "timestamps": [1545695909.7938197, 1545695922.4633014, 1545695930.8433602, 1545695938.7636764, 1545695945.29074, 1545695953.6501832, 1545695959.2356954, 1545695967.8038132, 1545695974.8039186, 1545695982.2531693, 1545695987.7559345, 1545695996.6437848, 1545696005.1212597, 1545696016.0492225, 1545696024.086648, 1545696035.24101, 1545696045.235557, 1545696052.632807, 1545696064.606905, 1545696078.7112184], "episode_lengths": [4304, 4269, 4126, 3921, 3221, 4131, 2767, 4245, 2589, 3559, 2725, 4383, 4179, 5409, 3938, 5538, 4951, 3669, 4953, 4065], "episode_rewards": [332.0, 344.0, 400.0, 334.0, 250.0, 352.0, 200.0, 348.0, 202.0, 272.0, 178.0, 368.0, 338.0, 446.0, 346.0, 500.0, 414.0, 312.0, 428.0, 368.0], "episode_types": ["t", "t", "t", "t", "t", "t", "t", "t", "t", "t", "t", "t", "t", "t", "t", "t", "t", "t", "t", "t"]}