{"initial_reset_timestamp": 1545474293.6645777, "timestamps": [1545474296.4290862, 1545474299.4255881, 1545474301.107577], "episode_lengths": [863, 1102, 871], "episode_rewards": [4.0, 14.0, 6.0], "episode_types": ["t", "t", "t"]}