{"initial_reset_timestamp": 1544937513.4124048, "timestamps": [1544937516.8848143, 1544937520.459709, 1544937520.6033158, 1544937520.6428123, 1544937520.6760378, 1544937520.7329369, 1544937520.8070223, 1544937520.8727417, 1544937524.2505364, 1544937524.334534, 1544937524.3670743, 1544937524.398282, 1544937524.428061, 1544937524.4570286, 1544937524.4869392, 1544937524.5182283, 1544937524.5488615, 1544937524.5815542, 1544937524.611093, 1544937524.640671, 1544937524.6709273, 1544937524.7076337, 1544937524.73925, 1544937524.7681727, 1544937524.7972171, 1544937524.8260334, 1544937524.8549051, 1544937528.177341, 1544937528.2777827, 1544937528.3074315, 1544937528.3365517, 1544937528.3656108, 1544937528.39563, 1544937528.4283676, 1544937528.452976, 1544937528.4901724, 1544937528.5281777, 1544937528.560448, 1544937528.5900826, 1544937528.619008, 1544937528.6479585, 1544937528.6771085, 1544937528.7065592, 1544937528.7359176, 1544937528.7652388, 1544937528.8002312, 1544937528.8386285, 1544937528.8748407, 1544937528.911573, 1544937528.94462, 1544937528.974823, 1544937529.0043406, 1544937529.0360656, 1544937529.0653841, 1544937529.0945127, 1544937529.123861, 1544937529.1531143, 1544937529.1826706, 1544937529.212501, 1544937529.2421956, 1544937529.2744186, 1544937529.3078, 1544937529.3373976, 1544937529.366495, 1544937532.741662, 1544937532.8394303, 1544937532.8711448, 1544937532.9030294, 1544937532.9323645, 1544937532.961206, 1544937532.99071, 1544937533.0203094, 1544937533.049571, 1544937533.078853, 1544937533.1138508, 1544937533.1452196, 1544937533.1740522, 1544937533.2030094, 1544937533.2321362, 1544937533.2609727, 1544937533.2901947, 1544937533.3196716, 1544937533.348642, 1544937533.377596, 1544937533.406503, 1544937533.43538, 1544937533.464206, 1544937533.49341, 1544937533.5225015, 1544937533.5523205, 1544937533.5812151, 1544937533.6103406, 1544937533.645527, 1544937533.676275, 1544937533.7053308, 1544937533.7345502, 1544937533.7634788, 1544937533.7924578, 1544937533.8136227, 1544937533.8423762], "episode_lengths": [200, 200, 200, 200, 200, 200, 200, 200, 200, 117, 200, 200, 200, 200, 200, 200, 200, 200, 200, 200, 200, 200, 200, 200, 200, 200, 200, 200, 200, 200, 200, 200, 200, 200, 125, 200, 200, 200, 200, 200, 200, 200, 200, 200, 200, 200, 200, 200, 200, 200, 200, 200, 200, 200, 200, 200, 200, 200, 200, 200, 200, 200, 200, 200, 200, 200, 200, 200, 200, 200, 200, 200, 200, 200, 200, 200, 200, 200, 200, 200, 200, 200, 200, 200, 200, 200, 200, 200, 200, 200, 200, 200, 200, 200, 200, 200, 200, 200, 145, 200], "episode_rewards": [200.0, 200.0, 200.0, 200.0, 200.0, 200.0, 200.0, 200.0, 200.0, 117.0, 200.0, 200.0, 200.0, 200.0, 200.0, 200.0, 200.0, 200.0, 200.0, 200.0, 200.0, 200.0, 200.0, 200.0, 200.0, 200.0, 200.0, 200.0, 200.0, 200.0, 200.0, 200.0, 200.0, 200.0, 125.0, 200.0, 200.0, 200.0, 200.0, 200.0, 200.0, 200.0, 200.0, 200.0, 200.0, 200.0, 200.0, 200.0, 200.0, 200.0, 200.0, 200.0, 200.0, 200.0, 200.0, 200.0, 200.0, 200.0, 200.0, 200.0, 200.0, 200.0, 200.0, 200.0, 200.0, 200.0, 200.0, 200.0, 200.0, 200.0, 200.0, 200.0, 200.0, 200.0, 200.0, 200.0, 200.0, 200.0, 200.0, 200.0, 200.0, 200.0, 200.0, 200.0, 200.0, 200.0, 200.0, 200.0, 200.0, 200.0, 200.0, 200.0, 200.0, 200.0, 200.0, 200.0, 200.0, 200.0, 145.0, 200.0], "episode_types": ["t", "t", "t", "t", "t", "t", "t", "t", "t", "t", "t", "t", "t", "t", "t", "t", "t", "t", "t", "t", "t", "t", "t", "t", "t", "t", "t", "t", "t", "t", "t", "t", "t", "t", "t", "t", "t", "t", "t", "t", "t", "t", "t", "t", "t", "t", "t", "t", "t", "t", "t", "t", "t", "t", "t", "t", "t", "t", "t", "t", "t", "t", "t", "t", "t", "t", "t", "t", "t", "t", "t", "t", "t", "t", "t", "t", "t", "t", "t", "t", "t", "t", "t", "t", "t", "t", "t", "t", "t", "t", "t", "t", "t", "t", "t", "t", "t", "t", "t", "t"]}